,dv_0,dv_1,dv_10,dv_11,dv_12,dv_13,dv_14,dv_15,dv_16,dv_17,dv_18,dv_19,dv_2,dv_20,dv_21,dv_22,dv_23,dv_24,dv_25,dv_26,dv_27,dv_28,dv_29,dv_3,dv_4,dv_5,dv_6,dv_7,dv_8,dv_9,obj1_add_par,obj2_add_par
0,0.14612098784301186,0.865137881281731,0.2407290925476543,0.17809721153363878,0.41778850366056897,0.8441528593535064,0.41506769951771993,0.4094399703698821,0.7700503515682484,0.15234491017449803,0.5623964739201172,0.03492072701096527,0.9332209342615158,0.5654262439629426,0.1432403035475298,0.6388416877405994,0.9078187012561288,0.41624383436938994,0.9758698448630027,0.08448249184088197,0.16414076646034526,0.520906303646566,0.8745391068284107,0.9637372324951063,0.2784694391208421,0.9007038991259081,0.719227898132036,0.5400619629560658,0.25349436068534226,0.03195585076572205,0.0,0.0
1,0.25860388956171065,0.5319339018053794,0.12886806338563905,0.7566479429004226,0.890137528972608,0.3275292072912199,0.8820570678007106,0.28951842126352323,0.6916909032985795,0.40242053590511917,0.5449378045946079,0.055715292414945106,0.9711189944151006,0.11631565211942552,0.1565653648592663,0.6806733311965922,0.7984211415983558,0.1701665743968368,0.8622774193462812,0.31441630734548753,0.470490712095439,0.5845398400117953,0.10143975289295792,0.7917562880019444,0.5349095933349122,0.7856628350991441,0.5255289774376369,0.4570496555096387,0.4800495918489206,0.6800289163054312,0.0,0.0
2,0.1301555542885866,0.38457841249252533,0.44154043812185684,0.3478133578231929,0.3873783908646026,0.2890857027943966,0.8149180847337263,0.9642487493917093,0.14601961724369583,0.6702246621781451,0.39957313953013984,0.3467890044970099,0.496410199392195,0.2524480960438058,0.31994402451077064,0.5236879431020256,0.7155010922831913,0.10695439892352254,0.20625880593539714,0.28945424994897806,0.15004938639954224,0.012859893189084537,0.08547802362518597,0.7585095380892356,0.7618998052073871,0.06939438650514207,0.701898814195845,0.7861652448669708,0.151049604108614,0.9236749835406088,0.0,0.0
3,0.8029581881600681,0.4683359406215184,0.7705473234512187,0.8174159524211071,0.9633764135226665,0.23003242691422587,0.6684985386921481,0.8632235264880536,0.3635280897253047,0.5840172821597304,0.6584069375513806,0.1775253655113198,0.2759850876030697,0.4481800658159547,0.04654161676138446,0.3565717827844662,0.10076577658822627,0.9384444478734402,0.6363561661682803,0.30080407789103314,0.8398702001767415,0.7348358369860482,0.3064664156579503,0.8640173102572545,0.5728592223784871,0.9432279325024205,0.9761328015841944,0.15737070448473578,0.43819037984690723,0.7979667937803617,0.0,0.0
4,0.2911752312444267,0.8225294467152562,0.7048025498706982,0.951820846145415,0.1582388033492611,0.7979793249862952,0.7935910008650043,0.6034155588448116,0.9377486324559893,0.10313966624205306,0.3114103864933859,0.15725155317304695,0.4237172726527969,0.4922743061323819,0.026040983346897306,0.3395942593343456,0.22731048216353233,0.7664304493604284,0.1898494545881878,0.8675588279221796,0.7145213351147701,0.33304969693783193,0.9534608122874426,0.5616217968209182,0.20643339101932145,0.5664857878103674,0.1582460425981448,0.5479660099301825,0.6213526530256591,0.5506851868180189,0.0,0.0
5,0.7104145019512068,0.8286351966808162,0.44739159083305247,0.9827936121502254,0.14207762825386006,0.7833502710185419,0.9912184145723211,0.3438362978683046,0.7324111914232857,0.5669089972541176,0.40542289299409806,0.1062216435357276,0.5706244543480716,0.9937687639338417,0.8703458953361999,0.21171562995058635,0.8207702947822854,0.6549322716194613,0.9086321595079374,0.00778284726078049,0.19908542989314038,0.7289063200353028,0.9471813076074439,0.5808164873654404,0.3293103935177685,0.8557057129210474,0.420774490917443,0.975525181707443,0.5876780498633498,0.4389525806869482,0.0,0.0
6,0.3775999621667834,0.48782911724969946,0.99244932701205,0.6463330557723227,0.12656751675345979,0.5684552421812933,0.9719481135879223,0.23241614462636295,0.6677931697077341,0.14161417460661174,0.2840001579119633,0.0825109835247766,0.00406346662090884,0.4414868261058069,0.789406967213805,0.050091525652095514,0.5520517271001545,0.6165698934322241,0.546669723603452,0.88458247345016,0.18836607077232204,0.9330114698413693,0.272265884515157,0.43912202940028755,0.6457095686497953,0.6139254127097653,0.9321732053736717,0.4605117912399769,0.3414942874958796,0.15354606436154883,0.0,0.0
7,0.917030367536061,0.6708694318167011,0.5233797480519577,0.4814337138309137,0.13199439088449172,0.22746144768425636,0.6635880361616712,0.9290493003687417,0.9339408668986984,0.8952263613826039,0.6761931193901478,0.04409096962863612,0.4613993785666207,0.3408018069454305,0.07022536971780236,0.9633829526482479,0.900389945070344,0.18123001658704163,0.8716421419125392,0.37368656491309127,0.783006663890621,0.27771396120173775,0.7001859755791712,0.09024915143814038,0.506931048672655,0.2154140633455739,0.7315632832019442,0.058791565303419446,0.8872031153420856,0.06134969482729258,0.0,0.0
8,0.004572227871460388,0.46153981079862305,0.5497990557495883,0.4313678686414608,0.39617329397067624,0.5205710874101475,0.24637296466881364,0.9355433941852572,0.9509605852276105,0.817171134293523,0.729840647164,0.4377811110204408,0.8514136797389266,0.007535404138632962,0.38456367200971775,0.5307098012718874,0.5823444904889443,0.08825729236007429,0.9446131595457092,0.3288763023392003,0.7996130410027638,0.31719650215010053,0.6369490824850825,0.36670263633500877,0.925895247844315,0.11898215061492301,0.22769743400484732,0.0457133088002758,0.09440052777130792,0.24704256739119423,0.0,0.0
9,0.4042695581257706,0.7029263057884201,0.5116259573918696,0.28934493489523294,0.8564258841681568,0.7802721958731994,0.7710451022620344,0.19341358748592108,0.5100554950206766,0.4745057279734557,0.199377067572289,0.378764445726646,0.6534009114893491,0.1763013204915671,0.19289286244353743,0.5242840110206873,0.16848235940356227,0.8118152965743889,0.602737980902454,0.7104242139404342,0.8970069976703303,0.9685611715660862,0.8054661193647574,0.12063552406144984,0.727429840943523,0.6644032013256159,0.9597523261447474,0.3656451747351389,0.5159133453976305,0.30274418341465625,0.0,0.0
10,0.45226145634204185,0.09104223548467638,0.920133937049088,0.6576259545974991,0.17074715080151937,0.8019533728708057,0.3243037908829317,0.4802931371519429,0.7010213093732438,0.28475436174960167,0.013007209209853099,0.3752619095912152,0.47444633524191304,0.9522747356318049,0.3107446891739555,0.43105607508632393,0.2917408601644982,0.45798430246587063,0.035843653967710276,0.513753779216667,0.3695004831543408,0.2587353001406597,0.5649527311408087,0.29151481653874345,0.6200755108585364,0.6098249840003251,0.27461670899685997,0.5278121482354408,0.5907603547356192,0.9534075149288663,0.0,0.0
11,0.12226969014063516,0.5323094754306826,0.39515320964771206,0.3359520029578683,0.9396199452715361,0.5746829013392597,0.03818214123096819,0.9635531443422147,0.3950485122203775,0.873813626199303,0.4563945471359102,0.3504273631377287,0.0370618343508089,0.6355526068303173,0.5002490668180779,0.29000106635933476,0.6546332471981422,0.5973559874157602,0.017724608815919307,0.36467521198735076,0.8010848350563496,0.784017480062296,0.35227422218667725,0.3884483349887081,0.039146761067954894,0.6199714839310992,0.8607331435660098,0.7264970729016216,0.025979714990211233,0.2367106855729193,0.0,0.0
12,0.3442780933336056,0.6492049139214853,0.6620022885713671,0.9885992180550084,0.7370618807532578,0.33007014919478384,0.42914530223307745,0.006514774121924027,0.9237852764915939,0.6111907372783691,0.6251276205107953,0.13054834696337114,0.6263939548947558,0.7949474502976024,0.49125750207346386,0.7046662112319386,0.8208881778843609,0.28307545999603934,0.47717292155302304,0.8119743137094694,0.9388729157233394,0.8844830428805462,0.49678060988828665,0.8743427284641652,0.5513453937128739,0.8056082893665675,0.26434901606786876,0.6857931847261067,0.18650656930390663,0.6376964737255137,0.0,0.0
13,0.23662216722256568,0.7320021326198997,0.5970625528791986,0.7876259617698801,0.8691035262380996,0.724624144715105,0.2840871295625339,0.21004120771519008,0.10417789552202406,0.7956431495056181,0.0006331579473383142,0.15982131250628873,0.46649141884255585,0.7875835449244822,0.6669097740189442,0.8527278915538372,0.035179377433249615,0.8298408088646483,0.7986630908419521,0.3059710066873199,0.05315361842558486,0.5054281207577377,0.12075041460084768,0.5789220852528054,0.2336752466015506,0.8810442796123968,0.672738420656212,0.706321549280706,0.6775566831394523,0.2734755090325517,0.0,0.0
14,0.9026967403829667,0.6725218465485179,0.5893680509670836,0.5405000730655274,0.3543281918030111,0.3422219275766857,0.3809621866768531,0.1263536720581524,0.10650600105124086,0.77573220457364,0.4030763782940193,0.15006425170886128,0.24581343241382225,0.37505783776687696,0.5679635140546948,0.4833357822376336,0.7819881413498978,0.13041863150404964,0.13821100337800896,0.032892104025072255,0.18541868870761125,0.876272728204079,0.6836530111546982,0.24359263451471636,0.3367521463600681,0.8867920700658098,0.12486491778439301,0.008240221713373908,0.5361326215216384,0.5322200756507353,0.0,0.0
15,0.06444602897915896,0.8125707933637584,0.7261734107464366,0.20072432110035454,0.05513050207559056,0.6243071385194203,0.7200833569482169,0.12915995545944048,0.4307590282954922,0.353850275039419,0.5492243978518512,0.10296222312379155,0.49473450546140685,0.2562040590059048,0.8949976478871956,0.35174909892989925,0.2031583490913712,0.8891111492303356,0.4937937699225108,0.5550189213440341,0.6765001020795328,0.07331355871020884,0.5287274213137482,0.6121022483478202,0.4848497971766431,0.22236279889908483,0.3216473875003619,0.8809444737655876,0.36261728950265537,0.16126263436461807,0.0,0.0
16,0.2455187748908152,0.18631486393456032,0.5901487759164742,0.3275487062408826,0.4562019014698182,0.7137321278409465,0.17671779602713955,0.11876247562874331,0.7714510902077457,0.8654196326451683,0.8894865174169612,0.45887083391973316,0.8300067144445132,0.4374778372523219,0.11632745416354917,0.4371417775683186,0.19032685566168794,0.553248011717036,0.49057031711926313,0.3839315584598213,0.497479609135111,0.8144994223260558,0.5524336028757877,0.390519327236202,0.1236610988733089,0.7505499509563134,0.9862792304010541,0.976056178305717,0.4369722556116459,0.7599682895991119,0.0,0.0
17,0.43259414604534396,0.9976121030127941,0.9759203022959574,0.059038578633142214,0.5002865411550876,0.27836538251160536,0.6011587624735041,0.6937916553365905,0.38362990158071464,0.7793213369254757,0.22400903283834328,0.8586428669704712,0.5165281010917864,0.6845792681436025,0.8418684924970795,0.6992574644625381,0.9019885393951851,0.16271898046236766,0.9399861202949573,0.26315790645316983,0.975490001300268,0.20895749484335446,0.5191524433385881,0.6173854344418183,0.16757114308915566,0.7661287097035262,0.09028882686091821,0.3057525838038099,0.054752493287054005,0.24685068748107197,0.0,0.0
18,0.4963741758836029,0.723851442052747,0.20813111225970915,0.5986764661873896,0.15160243075468183,0.8973221762125602,0.5061429760170721,0.8872279815766787,0.8834908812753286,0.37524211334977087,0.07989557450450469,0.10721892974577707,0.9656806156649681,0.04902354449401036,0.1255955006757702,0.695040019945751,0.9570557719283358,0.6815272805318923,0.42077638925471894,0.6268138215781918,0.9721153037212824,0.4309602418270736,0.12047385014865652,0.3098932836911208,0.8388555367858548,0.5849532937558631,0.5534887396910249,0.908717665988493,0.2290967614186311,0.4971013024407537,0.0,0.0
19,0.10958127330036793,0.2721097370842621,0.7127490704126037,0.6612282892645418,0.7463689880629242,0.524811962916214,0.31945537023198356,0.031215658970584204,0.09843003524765026,0.037511312040376055,0.7740067107241438,0.4481321733657644,0.1754810576068897,0.16181804254292798,0.7008926133602859,0.46199117121158084,0.12148757748223471,0.7474486897138591,0.5008497975384792,0.8332551609520192,0.6286965044628077,0.38650160694788094,0.25939851281065984,0.6061634159956584,0.08940124148246431,0.8143849775710317,0.9579402418262123,0.2586815185663929,0.12334942050995101,0.05325000331439844,0.0,0.0
20,0.30964771045346895,0.23743419977942815,0.11619066680154921,0.9075605785195497,0.15773248460871558,0.5176568138166596,0.9306260905924939,0.9617478522248329,0.20606475342478803,0.7887247190508033,0.45199776269522607,0.32262621301445094,0.9913149235938442,0.4060087321262825,0.27950053207399717,0.9231404100780333,0.014730469190072815,0.2647836756516526,0.26938990472480073,0.9211602491148105,0.7213948632076134,0.15831361997595106,0.47608337514830035,0.8472772076401895,0.2714667248248579,0.6221348533863797,0.6281213535626325,0.042522230053869126,0.7921625034471185,0.9683502527058248,0.0,0.0
21,0.8202982151846049,0.9262379966589837,0.04349140073990143,0.044245972471026684,0.3149978716477838,0.46579681051717114,0.7286001064671718,0.8660489653576384,0.9843064506954985,0.872520206004779,0.8937074301358575,0.533011117429997,0.4517161242560829,0.9968487515322076,0.6099462080425447,0.8275793623682068,0.6688370700048538,0.3056669498808723,0.31553810900681567,0.9433037887369463,0.3490195081987163,0.04327893395668658,0.1527436294518988,0.3844822137119901,0.7933931148531723,0.7215256438262209,0.21096927476609917,0.5473204310849685,0.9825671993016036,0.8685776309289619,0.0,0.0
22,0.38965265089668555,0.7103199916303037,0.7358162594020291,0.13059555180013138,0.5314479550776837,0.6023266536192615,0.9366209742709879,0.8122421984147009,0.9963820795274011,0.9455845825112831,0.816358963052333,0.5724576045025856,0.015377048721878728,0.49683457263353037,0.21853084861261585,0.4506658354426819,0.4929263546866747,0.17138715914409153,0.7523770793311331,0.5193234079530333,0.4344237968737781,0.9981448952589085,0.3350131460506014,0.983790045765557,0.41422318823793214,0.27979660686257546,0.10040054691947786,0.32729454770978517,0.17178916641499875,0.8897231934476769,0.0,0.0
23,0.5846466586127548,0.3625103899078135,0.46044957333837777,0.6504297295987505,0.5337189935661535,0.040800153420814333,0.16680438208449155,0.26900095357270504,0.9823745341813525,0.35290596859774415,0.2688326006942491,0.7442999266183993,0.1376511572255532,0.3368317403624125,0.6628345101834296,0.5142764972188678,0.788307629199851,0.7516980567995445,0.6154671557816375,0.14860099916107838,0.4959276354428045,0.9986815178119677,0.9632403605818555,0.41353744554487404,0.5401207956878565,0.38661340498164165,0.7672876636296118,0.2759917724634381,0.9178984983788167,0.47215542313621217,0.0,0.0
24,0.2799436265176507,0.38367276036181475,0.34744481143587247,0.8404107815271639,0.7805990881526358,0.19477944237425626,0.6019803361941078,0.8708514646648718,0.8947304948504403,0.09732617629521234,0.28515779952928744,0.6779339847559377,0.8882754846407771,0.46809963863833426,0.5737314741848678,0.691466850132027,0.22793029436426937,0.5871759282315625,0.4865942943409136,0.0042525955631813606,0.6871350677519341,0.7959370332954857,0.6806853094782699,0.06083086798070825,0.19785094344120713,0.34631997725716834,0.21368849144675117,0.1650976687038721,0.008797354559001436,0.9673490187964382,0.0,0.0
25,0.5409275192136379,0.9422068596651915,0.0859622155535471,0.8034277062914474,0.9415269798422207,0.4598804055278123,0.20472013860564497,0.8943798026474257,0.9558007821229051,0.1811390353093899,0.26060623705741004,0.8022562281825703,0.9333091451255604,0.4640079678856268,0.7101282771438502,0.7900601152999666,0.5981742824103748,0.49546824848194704,0.5711588270353973,0.4673109036467131,0.15569637688446225,0.7096460144105781,0.39309622756479334,0.09567788933870591,0.2964599416175725,0.48108398144216746,0.7006625269191558,0.969077094888681,0.9331992557070342,0.1570092789943831,0.0,0.0
26,0.06722303436358623,0.14701787330208438,0.5214661941909432,0.5357898201380035,0.9818846110829542,0.17081911370564284,0.6337054704252995,0.844217023289708,0.7282223845787826,0.552168378484592,0.02747730966257733,0.15599121671396698,0.21145822283565263,0.6887879523580346,0.768192530609021,0.7002824288521106,0.41823346982083975,0.5780968869396936,0.03473754009250418,0.14898207072338432,0.9857440253592608,0.8179387834532456,0.2797582781121527,0.7957825726106879,0.8120255415805088,0.696754355587139,0.9831117316793382,0.5976635697622628,0.9247170148068947,0.3838484236343257,0.0,0.0
27,0.740205549140741,0.4735162316129613,0.852104602130525,0.16434256883407883,0.35180724319894385,0.6650216536787041,0.7240653702854526,0.19838737426286357,0.013211526289220954,0.3923451217548243,0.8256163423569934,0.4043702552163586,0.3878958960234542,0.888342485314591,0.128082243617478,0.19670820920096066,0.5122242543894714,0.734069893704624,0.640277502842329,0.274639259618909,0.5456957411020493,0.7957830967552443,0.12350729418927398,0.9689355328986451,0.021595041883903265,0.6502068709008342,0.7856838758629033,0.9516478508375441,0.7083898728591115,0.07709500992581131,0.0,0.0
28,0.2700205729601086,0.7759158876630781,0.7326046564111527,0.21381553223253247,0.06608584071301848,0.33694262837373035,0.2989365276474406,0.044600953826000156,0.6715538852506098,0.00876489449319684,0.7859211813581582,0.6519824983623341,0.6992814094560404,0.5693289095010193,0.5082136787793086,0.14386588483421636,0.7956377946948981,0.9240424117274949,0.3783985256303718,0.25073934351240834,0.17138629142268502,0.6190302258779284,0.8071277828217948,0.8677575120732709,0.03918349980377145,0.8456090532132575,0.5984162077308938,0.6213497522385568,0.7822538703904249,0.05744139292492212,0.0,0.0
29,0.7262506764383067,0.12020525252320324,0.9715167399464442,0.5153259423853446,0.6824997071527923,0.5194909742353928,0.5581934734782114,0.009949702197481702,0.48480727087626263,0.08415926993957712,0.6360326705301002,0.12007734739152098,0.14941159514011237,0.739699669110987,0.25961901609302585,0.24095308255499692,0.07538296688661716,0.8988873156009676,0.8320357770118914,0.7483249973429374,0.07135850123285259,0.40652855585939085,0.06888173473256387,0.13141243085445298,0.2961698772983914,0.6095972610877545,0.012543896752606587,0.6903270851745608,0.11115690462377181,0.9474670930386163,0.0,0.0
30,0.695614682673119,0.17634937378832272,0.8218593743257822,0.9404489399419563,0.7323741159205236,0.892862151368447,0.872968943159618,0.12662467716044157,0.546455114502515,0.3598842288736007,0.71658093372631,0.7256089481746053,0.7861212988356628,0.8187282964032961,0.19467194302137936,0.18588724798628886,0.6170993757139054,0.6695305728566934,0.8160420528097672,0.0327832308230247,0.3853389503782828,0.26773804352862585,0.8571589615214646,0.17593171258492635,0.45606147981766865,0.16354230458080898,0.5476417109408727,0.18575061214741395,0.8090487321304809,0.3722045131844378,0.0,0.0
31,0.11295582586350139,0.1455318805502872,0.29649659451052734,0.026571519025178847,0.44460885012115037,0.3569735682400448,0.2975157598349949,0.601460639060449,0.34585662379556525,0.8004479255552984,0.42658738767778726,0.6278632066250625,0.6440033958663852,0.09184829628249225,0.14049069728670027,0.8827290770457432,0.04397775502669499,0.29798342738817385,0.5947186702894215,0.015107777251650134,0.6495735624683097,0.7288277730880758,0.4813280374164578,0.347628180170916,0.8843131221206091,0.22914651215498916,0.8234896249605064,0.2851200642416063,0.1755807450039233,0.10076346606681585,0.0,0.0
32,0.32545330949705,0.4617526495097728,0.06586749870108466,0.42814277106207266,0.625132149044235,0.49528173092758454,0.8015870376734833,0.5297890763232195,0.20729351472702873,0.30815958635365837,0.6782173995660866,0.6679159997721822,0.2929549283448645,0.6806845909715016,0.7161612660325711,0.6479746309666391,0.5171812232590809,0.3232666100887589,0.9376263128352389,0.7142359231155939,0.1390745020334765,0.5052637959697166,0.07733850227082917,0.7768975631822782,0.604102898995705,0.9247011872631221,0.717548699093232,0.0728998698283555,0.34051093095146456,0.30857171993352817,0.0,0.0
33,0.8420600066347474,0.5319163494015857,0.6190090332887507,0.9360077726603014,0.7963998654949888,0.9240912004993032,0.9264311771176178,0.9926207224446296,0.9229416982578778,0.28518386960402486,0.27368326986685676,0.7145126384042129,0.46648562498619095,0.4974541512850019,0.07273207731752951,0.4822337355865932,0.7520950823571707,0.5348237501232825,0.19422142106378704,0.4878713798746622,0.7860970489434292,0.44794009928231604,0.9839981919754719,0.85944387247575,0.8082473994868771,0.9094685002245034,0.7265322538730677,0.46992648742884124,0.08298026938808134,0.8713762717913598,0.0,0.0
34,0.3577746075668603,0.45406307492391584,0.6792742218558759,0.5013732339542665,0.5167036061362741,0.6555753847779333,0.13778667055617344,0.38203755948272655,0.8640569939935572,0.47681265747634693,0.8708384195408434,0.5005613656328585,0.44884645429830516,0.20819133153294112,0.3345374216507747,0.5893514066734012,0.25115758419851386,0.8548915121849079,0.8938827823195172,0.1396587475493397,0.2094544493286039,0.006214797221358315,0.6246125306145088,0.8632985007163271,0.4835766284391473,0.30244611474819005,0.8818787302873852,0.14619706391735576,0.7645075353058961,0.41007831763833447,0.0,0.0
35,0.21764101192045093,0.3952526613809917,0.8012597097466349,0.8964233478637627,0.837961193137671,0.36387243178058815,0.6023919308305945,0.8871445427842118,0.2718378384710911,0.5173592974587595,0.13092538034197687,0.12825081389965398,0.8757484474813615,0.7852590544097595,0.09369669737502173,0.509793065038686,0.7692487079018377,0.31038042419353407,0.7719894965251936,0.9050299679545953,0.2978484797489649,0.058444016441842384,0.7445160604338414,0.5285763650422635,0.25678104668049817,0.013554494860418265,0.3228223776986935,0.20196942627283887,0.25601774465256266,0.09402285392430254,0.0,0.0
36,0.30869633011169917,0.012917676385401866,0.27680293355081,0.8695863395435534,0.19199801061924382,0.8129368901594848,0.9723046426946752,0.19198773260437663,0.5476982498967008,0.5437508714925858,0.3285739865861169,0.8158173301219395,0.0754326929647231,0.17899253552693628,0.19543812463650512,0.4311577734679338,0.026976700256685304,0.6398375934465832,0.8612117774141235,0.2526071830411475,0.9424881970372524,0.9913453193680654,0.07191506060478892,0.9758271945124911,0.03367084219266181,0.7399486903886957,0.01179878051971095,0.37504649566909354,0.6645678221534365,0.1486461321157131,0.0,0.0
37,0.9971716686165202,0.6390877351226453,0.2537688925357211,0.1703819709803448,0.053661466763866406,0.5548401547694544,0.03619386621158582,0.1988981903400644,0.337405162644244,0.49654592293281374,0.28872481499509417,0.20017648891319684,0.8413379675872549,0.12891408850079145,0.5675545299854651,0.74358493658708,0.9901089119717789,0.48602332246288993,0.3922332080641563,0.6538462707082648,0.5761712140304878,0.12162198763611043,0.08602553101979282,0.8950539200402688,0.5549128510791562,0.29837134087763006,0.2413920141432594,0.6152787016161361,0.8527721116636425,0.6294161666742542,0.0,0.0
38,0.7979731363761794,0.8859437027444202,0.4696418818527712,0.1649202148437594,0.08403488483401989,0.44035086141933866,0.13548239301310894,0.3333350943892892,0.9596032408900592,0.48310824451015144,0.8655024298525866,0.6613860245323577,0.6894987959831903,0.9712304905472174,0.413713737909416,0.856558368607589,0.567251208047427,0.8312497070259816,0.3835384415032832,0.40307753467323704,0.8227137144554992,0.5636705104175982,0.4466222720598516,0.34571900081037443,0.6535454825558131,0.3183386746892011,0.2944038181165537,0.5802282794215535,0.023040784319114493,0.5451781528784471,0.0,0.0
39,0.498844260859468,0.4635702545029702,0.34865611729942947,0.9296342815409749,0.4572846535406837,0.8009936677459618,0.21857355026116476,0.2216561376874423,0.696440663709329,0.2873939616000416,0.29118681791455103,0.2522676316237523,0.6684880646782972,0.9421374495781624,0.9874493611748378,0.9732894738782434,0.18502179908394223,0.4073045908391575,0.372491145790507,0.5018533971443305,0.947075239314084,0.1438494311930094,0.7579979052935994,0.8942810919199838,0.8455501160115052,0.05667602150547946,0.9058703600365916,0.34511181684204983,0.2521459481347209,0.33485181467822456,0.0,0.0
40,0.9112724690428655,0.5242798761007309,0.7609704139178918,0.7906817618262151,0.284045366351243,0.4226918257998443,0.48005645822717424,0.3684382669948415,0.9806500343517318,0.39523721263213873,0.7203206213625588,0.11933576176986382,0.7075375703665101,0.19935747740544396,0.9455713570180119,0.2544074953831892,0.3836990586362621,0.8391221933476264,0.600207616031351,0.7450120671478595,0.6097579711377088,0.9697736433834566,0.03483202189350043,0.2481791994613778,0.02409110740727738,0.8425583560727781,0.8497874130059792,0.22284623377622303,0.28805489797000217,0.3230428890690673,0.0,0.0
41,0.3086501134031131,0.058306624693228226,0.66298710912793,0.5210386017128464,0.7809405534805883,0.31321289074530145,0.8033021802315388,0.5860134729254614,0.7791788730548124,0.8696431598359825,0.12512019509959227,0.0846653971953637,0.7571567476908346,0.27782863379923495,0.2515430607151531,0.3191784455472151,0.9965294511214066,0.6209856377326551,0.6241027862012389,0.8980527268511642,0.4707723718141946,0.4435540779106002,0.7409073635677375,0.8389399428699367,0.9532163597980555,0.9810994466814956,0.49068941936317734,0.2557323858973247,0.6506121857512163,0.2900596073888162,0.0,0.0
42,0.6759512565477723,0.5549784664924051,0.33198774506393647,0.39409665570357577,0.5413501807501694,0.6703108744977416,0.37620455225126803,0.8494708511091342,0.22082813683943414,0.8804072710748859,0.11316513821607299,0.31755257864341346,0.571334989827695,0.29324852690936076,0.07407413043508193,0.8672477718668495,0.6836750484702715,0.19534072748433573,0.5682680957497596,0.9435952853632855,0.06805744158216287,0.3808566892246942,0.8153214963563838,0.1423768044296554,0.1188223164990404,0.5642003941431007,0.14287596715362694,0.9354479491197543,0.0038225351233867055,0.8254193563387134,0.0,0.0
43,0.5958815520225242,0.9787160003590105,0.10419811786124378,0.5516210395970851,0.8416121520359735,0.3233610503052915,0.10185218509493665,0.8853412711490509,0.5045430248335864,0.4024012328794403,0.5191553756786157,0.23998434872681784,0.1190787835319349,0.6548029162481991,0.08992038985349904,0.10984716517262871,0.8518299910523992,0.03274401299037144,0.3563634718497033,0.8041571204488636,0.5880298639943853,0.2975348263475752,0.5593403667692312,0.05222076502628081,0.5607562560015845,0.8130481861564478,0.3296483844802607,0.2596739631237731,0.7833430713775356,0.10683724117625026,0.0,0.0
44,0.13529259168854013,0.798820102577221,0.08786703530788975,0.03680948688258956,0.8474133468372632,0.641633635199124,0.6861018761912004,0.7161788581187868,0.2456426713563329,0.019032381023904144,0.6385700637418161,0.7241747509169019,0.5824113894228813,0.5304544780204058,0.753632108329947,0.09130010222332108,0.6823115867337005,0.42619524020619115,0.86968768380937,0.22889581258212743,0.45079065189401724,0.010140741255962538,0.8143132156700482,0.32707164011479095,0.9749099127508013,0.007870416709693684,0.19509420672704114,0.15819438047280354,0.539035912100901,0.5080472432791755,0.0,0.0
45,0.3605829996078135,0.3692339685073648,0.02626366043592665,0.23171222857631957,0.10412077696898736,0.3595522834110241,0.36290305749756646,0.040526287663534166,0.05906951154376838,0.9199974003804778,0.2303081208996457,0.03296397378648974,0.20336294366219276,0.10935919291456975,0.7180121574047237,0.846593197735965,0.9071778010512465,0.44164995550972797,0.9414889365727245,0.19761392696366675,0.10803417059542919,0.916391791848139,0.7451376725020167,0.10807756616421926,0.3755783213428826,0.7115331376937706,0.4320769272730306,0.43996089879985467,0.4463136696281521,0.20753722338981406,0.0,0.0
46,0.11741558658358842,0.6326643641340318,0.03216665525981077,0.15375499502311685,0.6454984139576978,0.7050307412118296,0.30988163741615593,0.07704361174045415,0.11291544907721651,0.46831981573851844,0.672625889816642,0.3085542523994307,0.33915371005775896,0.723235257549253,0.48671247286390096,0.3910560220589172,0.25684912662565984,0.15023045749715214,0.9223850702232095,0.047821177285400474,0.45267849712098474,0.8579186115129355,0.05517619024146436,0.7113370217078724,0.08032072178144967,0.06565512932304762,0.520443915268545,0.06559164126505557,0.9566790010701436,0.40089422519461115,0.0,0.0
47,0.23717663603642625,0.7159385892924579,0.7521948162602308,0.8903791411492309,0.576780320219466,0.7915477244693427,0.238470474036095,0.3825875437514409,0.7066777035158733,0.9321862273928797,0.12765853400716953,0.4654954236587464,0.48167343070688207,0.04949065826877763,0.008986948749572399,0.527341002427761,0.4271741112935168,0.44041547508954026,0.6346400605181,0.04208168128506706,0.8668487807506066,0.6478769441864161,0.7376656485471673,0.30964654439342,0.6334935191527111,0.02665200368733689,0.8936407754448124,0.6662071083852276,0.35364352740023985,0.4982737786746998,0.0,0.0
48,0.2395501673273568,0.9385051724881669,0.62169847044695,0.38222145915623784,0.1607031666344001,0.028173513983868803,0.9512220693677544,0.4246922350021679,0.01999402409135531,0.06955856406829741,0.438931988462805,0.13944453519258748,0.9890096814567338,0.8322965588396546,0.8115596595690754,0.19275361770189114,0.34592890436227297,0.6783603696281875,0.22813119105059543,0.9414255488711837,0.18138345984383886,0.048487156675777854,0.8927132404622059,0.3152242262961438,0.6541450375543576,0.2567384841692315,0.5361587786471882,0.5553088773983214,0.496604690963388,0.5729778852657366,0.0,0.0
49,0.43395216062106046,0.8460948018715324,0.5586724183704475,0.29561804089287014,0.06736247087830716,0.7061947993340253,0.20500918959992853,0.1813509845357817,0.5348285703866837,0.10463391256746701,0.6779761657736141,0.27592956408711755,0.8936818576426651,0.09407530370317685,0.47127368622091204,0.9499363265040586,0.9122078257568773,0.3582400571830995,0.06342634599398922,0.29771117342749753,0.5583120321899308,0.22899852310530155,0.8061732302750723,0.6792484576548132,0.9435647698482076,0.3726038101413638,0.2574749261028698,0.6127389879645065,0.5894609426522488,0.8562455081246212,0.0,0.0
50,0.5733977131764129,0.1551676525366722,0.6414699317851026,0.8825696042299663,0.5388650349278896,0.6685144129820672,0.7351888312583391,0.1633142267143438,0.9246056327285914,0.1633369490470794,0.4020046955820966,0.08873967876009237,0.8156103864379879,0.1829671704865996,0.24825532424037744,0.6762512253875942,0.5901410080841721,0.17434007878539837,0.3588253173228544,0.6469273365412377,0.4221817337268323,0.9107300592815551,0.7516669759857973,0.817063803969248,0.8203467731361241,0.860142621598919,0.9092895380929097,0.8875305500457548,0.1024339775268781,0.5790570777135724,0.0,0.0
51,0.10325866816675688,0.7403378817392124,0.3590911293395834,0.5965331286895148,0.08676560807132283,0.26998007279127645,0.9524169324729311,0.9126879834572399,0.8085988258653739,0.13365623684434347,0.10982058493599911,0.9850739372085472,0.7834429395300111,0.34588779704011785,0.9805737422148217,0.3323928511547318,0.4075202938325344,0.7006211358493508,0.539239571570433,0.4589825740104284,0.020034483722162877,0.05361162168707301,0.8817969281793341,0.3523709014050074,0.0015334077117186151,0.38381253130120985,0.6587230822987792,0.6085992093490518,0.0785632981970944,0.45881049341541114,0.0,0.0
52,0.7415668093022585,0.6893916784935562,0.47140895411692607,0.9638208633228141,0.5777976781187508,0.8161982233393453,0.9617326274897422,0.6744448762850449,0.1162644898746249,0.7394956907322763,0.1070778262280132,0.374797275968632,0.9171611988064282,0.6856939180329609,0.23773057081318616,0.4280079844676301,0.993174918474634,0.12526070971102998,0.662923734905517,0.9543801943216572,0.6321828981918521,0.002386953650330259,0.616372969769436,0.2528326940390804,0.360717720007275,0.9707716834678137,0.5925765264998174,0.6742652371459165,0.7496344200445881,0.28713348667040506,0.0,0.0
53,0.5175443209357986,0.726778455988006,0.9877872079100259,0.9730317740064721,0.1506055387840558,0.018832194738390484,0.9447775352312064,0.658832083654052,0.6616609621161494,0.7819137900840981,0.6701915058733267,0.32071204470996784,0.3917141205273784,0.2693444149405311,0.9424341324907717,0.36530003400942856,0.516516126079683,0.1917570840005125,0.6623558010324223,0.7728826035867683,0.3064135177708527,0.5455938795807711,0.9455292160022154,0.0833143900315515,0.6782617225379288,0.8071080028455074,0.6576282480354118,0.43573873076557046,0.9097799755332509,0.9294717749693782,0.0,0.0
54,0.8827801852941437,0.06193113984822407,0.37493631308650777,0.05841714643508589,0.05616537925267595,0.5173669392934327,0.8523797571434623,0.5862913390300699,0.4334053129711224,0.9630652294361174,0.1521599922885678,0.4181595908425757,0.8702580295770332,0.6677343392691824,0.6693804913264669,0.49686077230859993,0.7065001895362204,0.544321252298453,0.25375131780068005,0.022262023105145023,0.28908935367185795,0.4181849238517362,0.21452760409015714,0.045364104125633964,0.09466103372753809,0.18262114276511843,0.8943781055510925,0.6200745282235945,0.09504181997224392,0.9608069831030854,0.0,0.0
55,0.04445257483267606,0.7165711002478142,0.6263029189042333,0.5634949277492763,0.4425796620063204,0.4034961554288635,0.4615196488768204,0.5756759061623847,0.9656870324551762,0.731353177685582,0.13597038999241184,0.8794159070817988,0.3336545694965236,0.7865641438446818,0.07367951240413839,0.32021398981932303,0.3465434124430935,0.6319612654436474,0.17988270727457023,0.8002782239013492,0.7668076815896061,0.05613047203090371,0.7130308915126646,0.8040982570355766,0.0963488865514841,0.41695986075699953,0.3176227041627421,0.9774466188440059,0.8544701757001479,0.2510658188124122,0.0,0.0
56,0.14610368472995483,0.4211848843339928,0.4728187575961633,0.45807279785908017,0.3940874475086352,0.12113982297335524,0.9900361775581508,0.34478411317036284,0.6410646840042975,0.477273364053343,0.6170006918903024,0.9398087564039511,0.4789811382841581,0.37117225479369687,0.6718418778467219,0.4396423318152862,0.721280713398358,0.599028794370994,0.42053844708481747,0.09002018877065654,0.5976478050956979,0.6665578420962778,0.5414493912255519,0.3083776235041612,0.649197580053915,0.44076779192869264,0.7004289884887931,0.8563120526798789,0.9231328086540953,0.593032574607112,0.0,0.0
57,0.4003280891415839,0.13961450537357456,0.03387266802379796,0.7642433337611573,0.4857971981383157,0.11147549007855728,0.9435478847200872,0.7046030949478077,0.3013907899399759,0.4586723618304438,0.9693650868698869,0.8715037891007776,0.3901982766532478,0.05515212681945714,0.7062736100062634,0.2836660480332286,0.7384828006449279,0.3818695540744561,0.22417307358013172,0.5753301244612025,0.3268527822956765,0.11108103589670404,0.1445807769285662,0.15061857898973963,0.31236272429977996,0.5861295008004461,0.029744978551492274,0.4653466510792432,0.3056331905533086,0.862384481193133,0.0,0.0
58,0.6260083251805273,0.9613727698287733,0.8112461340692485,0.21259860838972788,0.6165667708750384,0.33284375610598826,0.8233035425330374,0.2200435150341501,0.6002241149774361,0.9975718394703839,0.8436481603577931,0.48408471217290194,0.27591029811553824,0.5158171612912993,0.9467264188770891,0.06992570494033579,0.432547893139947,0.4424206002871385,0.9738774332468216,0.4723476348850122,0.2849865610549053,0.5434853266135238,0.7210303315990715,0.4348655579538483,0.27452599093038277,0.9966748732349342,0.8404371086433094,0.9707787193753654,0.06899108116438613,0.8011392167827618,0.0,0.0
59,0.4031726243457421,0.4633253626152143,0.571440001177258,0.4949580896393261,0.8400767618438858,0.9779617608227579,0.29470644296625015,0.901314908269334,0.9739367074391829,0.898574887996531,0.07726466486207195,0.1851687611394438,0.5648505723710645,0.630626878096652,0.8386049726441305,0.8787745576672552,0.2777736442812395,0.8247411168035599,0.8863799410124679,0.7822832813217702,0.9500101473593222,0.4507221353142993,0.31162302710455647,0.2494334809871971,0.5064098762436517,0.38727349798361865,0.8971710439156702,0.9022376230083972,0.02095781351512538,0.02582919502632741,0.0,0.0
60,0.8297897769598586,0.564674604878465,0.3253953447944651,0.5843524053916862,0.9925056858793931,0.4449267803035343,0.7903279307804075,0.7015068147892146,0.9422988544945022,0.49618222810734314,0.8634770024237763,0.014127215622078193,0.8417654117829827,0.2617042478338385,0.014809751458280118,0.693781682700294,0.6071518801773178,0.7180427948272827,0.3630565536072409,0.8385895154518305,0.8129213407919663,0.3542639047944902,0.2975331181525698,0.6918490184915853,0.9187250042432953,0.773114286730739,0.1856015970037609,0.11310776114776777,0.008042792617092176,0.5947035739913495,0.0,0.0
61,0.8143780314486413,0.49962477355536783,0.3229607605477295,0.4971576480884107,0.42656412778115627,0.4400250523262508,0.8859673944583278,0.8903009315242432,0.29170982104681387,0.271246518063457,0.1994619613646923,0.029072186047991444,0.18700209363420894,0.5299999195959121,0.9457788353797416,0.9293711251207474,0.897497224368745,0.2773571039802003,0.9235498072214511,0.8640115855743519,0.9439090407745994,0.13825888057844327,0.6637752507117518,0.19409515125239962,0.5565643201020496,0.40866103234430373,0.674905356588221,0.8240904112308477,0.9327034033503994,0.47342585208787524,0.0,0.0
62,0.17652139363968278,0.6582757208383165,0.958905157915273,0.47851060950753577,0.3580325222851072,0.4946884437279915,0.35666960072564513,0.8630559316687398,0.27559076269262783,0.9619687248262386,0.43209084572740364,0.9143032501730294,0.09020410391185518,0.07868725658468467,0.5501364926368663,0.08082805528281589,0.7348806795982902,0.60037110154545,0.20394296961444802,0.9515851305372541,0.9752742587826299,0.7676205669651684,0.298502449788822,0.8235714760726948,0.19290663761402305,0.645942877351961,0.1982545411620198,0.09001610978237051,0.40599006522257153,0.015195968441191754,0.0,0.0
63,0.09554797548450755,0.9968239205763954,0.17401829680673064,0.21092509517297764,0.3890757549717795,0.2776952022485929,0.2158097480675003,0.36435810467970464,0.1331786721643049,0.06996612564495552,0.04858564303408375,0.963645662304155,0.8469578709226908,0.12035707347911351,0.24614185845952907,0.38110994220661,0.6990379832913685,0.5485121590566815,0.8014234631655361,0.4623653961306403,0.7822968497242682,0.3622962199802351,0.998080381541497,0.120172008187868,0.03505740321806361,0.471996058804533,0.8361215841614759,0.9522594646286742,0.5728300311136792,0.2969127041747247,0.0,0.0
64,0.7896533362863013,0.009166574981901432,0.26170730130638076,0.7654960951332428,0.25894776703524813,0.7349084111534284,0.42040157859265925,0.12581460820448442,0.5128977714825903,0.5443144656220743,0.07422050063575669,0.6275396589331127,0.5159221866774677,0.6637093391001097,0.809949931200476,0.3936448886071182,0.7452239822171498,0.9084648623743462,0.9512263411009787,0.712318558803879,0.007936757080899026,0.07387480573367566,0.620453045548608,0.4446712237698648,0.37705030476663315,0.6564897322377965,0.44637359794656173,0.9053551204293119,0.898081372610166,0.960296801601083,0.0,0.0
65,0.34658448260162156,0.4122777537180595,0.8665206151414248,0.04683115884197564,0.3083250759900924,0.0566930904884303,0.568637601637945,0.5653073681886702,0.6004258786628104,0.741175448290727,0.5689338132403173,0.9390618155875872,0.2011226178901725,0.5974597942309655,0.3788418938628715,0.11942875634120276,0.6105653021710594,0.9917369506913017,0.7252117601348801,0.7062277145039056,0.6554955103167994,0.9063571158024218,0.13636641632530577,0.01462815944804674,0.06124970513159089,0.6765273991757916,0.7076876188234871,0.7545852492018221,0.9188084025380346,0.08625201678815542,0.0,0.0
66,0.17340820980349136,0.533529991054808,0.8233240298493103,0.08242398838821885,0.02489352739276962,0.48824063393838113,0.31169753060071537,0.21737399813439018,0.00869765170551362,0.7593926431044138,0.0516154784924856,0.8510315432803204,0.4515845683564359,0.5510800182694526,0.04611770797162884,0.895280484971512,0.5750763038316126,0.18633582722750952,0.8282547152488754,0.9330660666725064,0.0029991929291928177,0.4878458632420589,0.6103896237813241,0.5611397730860582,0.3509938264952205,0.6064196923721226,0.5408346449911923,0.9470850895995002,0.5626662029532141,0.2938062585314225,0.0,0.0
67,0.4841975369511351,0.14405615054591214,0.381090939360361,0.8294750501040284,0.5637381643140794,0.1820692438809942,0.26447342075127034,0.792857989447318,0.7123911360721362,0.22298748414783476,0.2504430175941934,0.1650743138661701,0.6717442593878756,0.28933380573219736,0.019891016914610815,0.616500247241576,0.10536763611412792,0.20157520078520885,0.3457755290165464,0.9233975694099983,0.40608268170652884,0.7909634035288321,0.48599640384149534,0.9245813746047987,0.2243572932111143,0.4787882936096649,0.12635895027988142,0.8255547557028605,0.7481810670885826,0.8758728141418594,0.0,0.0
68,0.4746912058047219,0.6246223213430969,0.3036199873225113,0.47567688718300927,0.14737115884608698,0.8578448943789689,0.5216252982186672,0.683502645199053,0.44821295123037774,0.9961723178657448,0.8982262181214272,0.8044286686318068,0.3403771608402968,0.22738831391770065,0.35889411780417924,0.6213811781848,0.8027780566566902,0.4996948144468426,0.7112080380013593,0.04926155726144854,0.5871250176300727,0.09184222217207261,0.7119833913924941,0.8303723934709378,0.9369748852534573,0.17746868333092658,0.1338019378146037,0.7464482767142565,0.9408833072794058,0.5991501997107298,0.0,0.0
69,0.8351466026468278,0.14839385005814665,0.17654147967823652,0.4358106044103015,0.6342763853535303,0.9830204775800104,0.6757409063602697,0.555814803256376,0.5763072214811347,0.4427306572628882,0.3645887127451546,0.9122486296484709,0.07476290323047097,0.2686025814483568,0.08120920090343087,0.8062897479967861,0.5330225367512165,0.6177773117300178,0.9849921824711033,0.8217026731464583,0.6741142938705033,0.330364316302423,0.7736777935032881,0.23805925453090027,0.7804904311420762,0.05959038179058762,0.42030840859893026,0.04817834947355115,0.2834177137106664,0.4573422107625238,0.0,0.0
70,0.3196777547041635,0.791452191821802,0.6538047278768292,0.12216332055898771,0.531704421262864,0.3270478961852844,0.5763441438585002,0.7567802170509361,0.02352157976318725,0.1851143702643413,0.5761835231099505,0.7111718700909421,0.33766043026130665,0.5114363572045401,0.5556747910773889,0.23742540584755933,0.4031689927024301,0.3900041645655452,0.2684494967430273,0.6035354872611631,0.46700788362972845,0.2795391124373272,0.5314390687295275,0.9807292598284759,0.9838998338265915,0.25706472903845823,0.9304172239189034,0.030109608658890452,0.6164340120822398,0.9756343115935586,0.0,0.0
71,0.12462106278933982,0.5850689995157535,0.1433798252069708,0.6448387862360606,0.42177494087488665,0.699375702220497,0.3924818686080448,0.2595609950620955,0.4877979030561299,0.07378146349572223,0.13643384527480729,0.7083462764486785,0.3454613675635875,0.39671508515571907,0.23733676115362268,0.869490503563406,0.0444651663367468,0.26967328730225093,0.8558893446805648,0.2677680842481497,0.4336658256592901,0.842633666355001,0.6490984120086721,0.05013312772047962,0.33156311372895686,0.46485099306662336,0.4677253482578021,0.18388583477150178,0.3140993187878768,0.535403514214507,0.0,0.0
72,0.9016710210765102,0.3301018362143334,0.4578639356187334,0.5863265626665629,0.9036459596332596,0.2044153614269324,0.04143084794219032,0.024295565930496976,0.6076550004720013,0.28837621323024065,0.4411050930265237,0.9871846666535473,0.864780755786464,0.8752616028459832,0.5041096187027221,0.5811885478257363,0.35896233120805876,0.9019067392057268,0.7532672752932952,0.0501890825971405,0.39783129614311896,0.9333750682072446,0.40716058061581684,0.2559199709543123,0.8290653443517746,0.4868218314923507,0.16680697949716294,0.9397529482268484,0.46245605041427784,0.19959370007955257,0.0,0.0
73,0.776503993025019,0.1255788000662844,0.40274010190992837,0.16384218527790462,0.8228241887005874,0.015394884951310472,0.6258872447189319,0.10088764610599965,0.08930398901845171,0.02698710933007309,0.5451048714492523,0.3431993595104048,0.09059954962858507,0.9228973333865566,0.8749932896530009,0.9740699343667848,0.2162476447811178,0.8425786424131765,0.25500472547459285,0.10153934992875402,0.19095834378795307,0.2113515845248457,0.4760157346695494,0.8335483619278126,0.010710236273771767,0.35580506214732355,0.8630079201597004,0.8372196683090571,0.28139714246914227,0.3508914552852731,0.0,0.0
74,0.6271277541433089,0.21291709458044283,0.1446933999589627,0.29376516695560473,0.472735087592703,0.7937149392709231,0.48470416202005806,0.5249654394868309,0.08341960831159989,0.6469265099849986,0.8519136922493191,0.21035249694519464,0.6971506690532424,0.845919250489551,0.10416026759089603,0.17477267670564545,0.4203829977322894,0.8490277887753102,0.5428364231836926,0.5731117720131879,0.1906598923132875,0.9172150444390577,0.1663774325934767,0.27161829570602514,0.16729668042893364,0.1255012828698523,0.16693732557179697,0.880718271835232,0.41378422038704576,0.688358103439439,0.0,0.0
75,0.6033672780706791,0.8531898879001457,0.5200387093684088,0.8432599349070771,0.5641759093480755,0.4497610030188196,0.5069104306841782,0.4783686012780761,0.10569301309513823,0.7639408555675941,0.3914016064287358,0.38527359764636515,0.9507132361721575,0.886242796417167,0.36001548993917576,0.005000006289822445,0.8284915768028303,0.47226993905189985,0.06270397137926131,0.20168837098616232,0.25068278320510073,0.2604984721204915,0.30848029261404186,0.8970612210884419,0.8162814989597645,0.4807527534308229,0.3105053751445527,0.4278122175045115,0.6623078939373463,0.5666891273975735,0.0,0.0
76,0.46737190537029827,0.022210369078874748,0.16582492239141733,0.32653425803612457,0.8471309443216863,0.08585951005890768,0.07411295510590388,0.47322522959177626,0.745966354121658,0.27511157013752274,0.46050493826522043,0.03715320352455309,0.1748026342438821,0.9702565535887421,0.001393571783213865,0.2816718000847366,0.10640450547326585,0.3887782361758797,0.34057311781232724,0.10924796215659871,0.685940535889191,0.6387234256851619,0.6943215333272558,0.6453726351063218,0.33985096412271565,0.8832137648112135,0.6638738787585537,0.733955862882457,0.4288469279778623,0.6289201235451611,0.0,0.0
77,0.11869059037795471,0.18277720385349394,0.17074636288540768,0.5587836961764652,0.3804867354509026,0.3848449452449876,0.02469787906252663,0.37633241653388017,0.6300694612712422,0.6143624461542784,0.15355210240288464,0.8525207624107013,0.99934133530391,0.3014940908604177,0.43136603277735963,0.18428642607250123,0.9193833635125225,0.2181828862591182,0.6582097021104246,0.5842263684162201,0.3220721716597751,0.266730362313392,0.8134596734603667,0.784236006892846,0.952732255957297,0.04051620775410625,0.439517643989348,0.9883158368191539,0.6489293768078785,0.2675010761392004,0.0,0.0
78,0.665472637439833,0.44702148671742015,0.0436323579536827,0.9239141909531258,0.8038149559909681,0.20916487918754145,0.4399387801455771,0.3950410591502631,0.8714382773629439,0.0028962350632730782,0.8854938758502774,0.12348526378866964,0.9165624755432592,0.5794991478692714,0.5317339583413749,0.7007370477228183,0.021235743708792554,0.37280963503270914,0.4251209467271144,0.5297809658955615,0.8449461480288099,0.4996545550340199,0.525052324092973,0.6681980333599111,0.16147209380695637,0.2968011369572989,0.09472028323109394,0.41397299776073515,0.7746124504588662,0.3906173707600561,0.0,0.0
79,0.43011580153858797,0.34935239926887174,0.0569866057684173,0.3493496696310049,0.8687299695558427,0.3917651665197157,0.6588906067856857,0.5448519349737686,0.4857030800183523,0.08853706980687703,0.8650334164441998,0.5576950762137868,0.17359001085796621,0.9523070262265484,0.5369293720366565,0.3234086530079463,0.1135650821790759,0.20455478265537763,0.5451712405159194,0.7689008628153279,0.0027547116123347593,0.2809738923933818,0.06553995810402835,0.08724664934988269,0.7681429331208894,0.7025176122240147,0.12906214529969529,0.41008747468361495,0.7714125768665074,0.3170920969618851,0.0,0.0
80,0.033914920161836615,0.8806933193005775,0.459916707790912,0.7607691580568907,0.05345506234309472,0.2528867567834413,0.187013908130909,0.8119495919816115,0.3832277137018989,0.29315222919569683,0.10300012993506891,0.5012921830777505,0.6670633338403288,0.5733028145864941,0.5859741382387971,0.10331323226635136,0.8735435005303736,0.831822226624674,0.35869616318448205,0.11332190065793768,0.3949934840260715,0.9062711501546221,0.48304143760372076,0.6751331541821566,0.5557399271801776,0.2811610159986623,0.03435695895533186,0.9624912516649923,0.7256448009994471,0.39183009113256395,0.0,0.0
81,0.8669180967429925,0.40919572348705724,0.1013399487114156,0.48739825150382465,0.12838550880651456,0.1751465407154611,0.8853215877639113,0.8699462051322064,0.5497761301752537,0.9488658440554114,0.10586157694692011,0.8228056745163479,0.8014348651767246,0.47207220667725636,0.16996061954103914,0.43229894485307363,0.8383797589287629,0.3997605634176288,0.7270885455988068,0.2871008893772231,0.9454356125134946,0.1221321539199347,0.3161439910951601,0.6107293359174313,0.4858711759590959,0.23880912008602928,0.9584990225189598,0.1537085506192234,0.12746105215164083,0.15615954822429456,0.0,0.0
82,0.7953960606706899,0.09635821631275199,0.49363879955290857,0.3315364565608848,0.8195189017428287,0.3156155506624303,0.4628785062840485,0.6596783314521765,0.5260650574049843,0.002550887099663557,0.8076525688406497,0.3134341771820155,0.13047069885862084,0.4214771339733382,0.778723191970421,0.355624745381911,0.8148986846504034,0.43243082878490813,0.18646416570163016,0.651173574879186,0.08046595503381038,0.38805352235331303,0.4562367690056778,0.8180343200522227,0.03391977892827136,0.7565163276883511,0.44356146594769563,0.3191508454843651,0.603446471273362,0.6724375597050805,0.0,0.0
83,0.9841452687241942,0.7741201403754576,0.6995067872458716,0.5346217971956012,0.496468883585661,0.3466995888509087,0.5884520554124189,0.9894410317524727,0.06136953275774237,0.29792167125972213,0.31040611353573777,0.5079193991616379,0.48714147481178516,0.3646830076343519,0.04648356747680793,0.3239535817211515,0.39915582048527687,0.07931179586887349,0.41759661970545636,0.3266810836104842,0.31379058082137967,0.9273309107895498,0.12295220139586494,0.02255019454915841,0.449453336796763,0.07134861772222001,0.9456517332081219,0.15270119415431183,0.2575399471233748,0.20897556370428794,0.0,0.0
84,0.6352332654225842,0.7443994319772916,0.4712139594705185,0.8621868273640725,0.530571727135019,0.338093183694956,0.3829595394966834,0.045401131390542804,0.1953827535138949,0.9971640239433472,0.7023366757947419,0.7137743826638995,0.266342529731987,0.4132552395302561,0.39172421403395175,0.042461115533373506,0.02189739204033392,0.7479574239584084,0.9892265242788676,0.9758379256116679,0.2623254407821962,0.520348402492796,0.7108329658508046,0.019400546704266053,0.48208313580627904,0.6111754708900341,0.9947681905258177,0.7462537475461515,0.02898889646556191,0.6597226537134537,0.0,0.0
85,0.9471368951342886,0.15600406602613337,0.9083896752610862,0.778811227162204,0.657651940647515,0.01876240873109225,0.8019697893188475,0.9861064806314817,0.5779455698901471,0.17187767705033807,0.766052961501203,0.05742750883966041,0.14972363346604167,0.6414885769484114,0.11081055630428016,0.8251112375380822,0.23622430475944112,0.614874764273765,0.3491114793494916,0.7429533372043182,0.17918400462006356,0.7654972391216496,0.04601591382248971,0.4529084663974854,0.4708697508127103,0.7393188039544183,0.818218288927744,0.8574252255020898,0.033193720919056924,0.11181890488522128,0.0,0.0
86,0.31093214134365776,0.1597078683946348,0.626393238696003,0.8938075019764574,0.21470067194157927,0.04402531228014894,0.25259177693358104,0.21129505131628956,0.6970990220152705,0.01515527331370048,0.723196860584132,0.3026802910357407,0.5721836572186285,0.11488047026158699,0.17460360331162206,0.1950752965453949,0.592794375822656,0.7371568274987754,0.001727191628574376,0.7109923418696045,0.13274249732330712,0.4988496558474059,0.7396557922498086,0.1088567074030169,0.14676754564780115,0.22960526934888725,0.3756036358196042,0.8297917351226625,0.7995507722942562,0.6729339444775451,0.0,0.0
87,0.25001324241551237,0.8222107740084602,0.4810053503761865,0.08317575611334371,0.4868036834165369,0.4800770415260114,0.030285880232487905,0.7488744691994869,0.05892720533636531,0.6866202092599,0.5539381652269016,0.8955401364227863,0.3470867815771135,0.5031656613514368,0.2729278778976091,0.5381230025196747,0.11961040275753665,0.1998605084001347,0.28962909334572395,0.5102729899684266,0.631073744491593,0.4727033502044534,0.33854362329558974,0.2753268831184864,0.37551271153786214,0.016743565073684796,0.2081755299562913,0.07129566200084758,0.11537198463385256,0.6321697977319422,0.0,0.0
88,0.6607760969225476,0.5131775429247714,0.516080516674861,0.9944858635470798,0.1171606494606876,0.8862746398802768,0.16539607961578606,0.3422192254471548,0.27498194412770105,0.5482425612078983,0.6394584362692672,0.04493546878231203,0.3883122214536844,0.09732702655400893,0.8498667653571649,0.17630528451601246,0.153153941725805,0.08212252058822289,0.4918728978907433,0.3770675081299981,0.6323577520776638,0.25521996016907733,0.717515943491672,0.7728426528739362,0.053631100567216095,0.7647903131783705,0.6705898201010386,0.8879955040051288,0.19881165123037936,0.10563670723173668,0.0,0.0
89,0.5442453400740834,0.7865052872454137,0.9300386521698694,0.2689954614163158,0.9788720985242568,0.8044744148399426,0.36956486490564555,0.44669286010964615,0.6878297918447174,0.6848378244018106,0.5680491130387826,0.0451412734961123,0.32812945906584023,0.08987948259617018,0.025685253460740354,0.16435887545756767,0.2831787501634042,0.3649170657043749,0.4715744581802517,0.13488609753490854,0.4579555152386646,0.6342852998327189,0.2256499803032308,0.041028673741973165,0.7350484454997485,0.6367228804140291,0.5969714333568594,0.9043928751130558,0.5171618311526328,0.3479421589464399,0.0,0.0
90,0.9257580410786452,0.2616918679028608,0.9127922735091502,0.20491148457004815,0.6050242118310656,0.05938964007084202,0.15040470788183635,0.6165202505673523,0.5462864436682989,0.550386452941271,0.1322348893416634,0.49973862632629606,0.04278181491499644,0.25583094740501733,0.14434104991376318,0.19632508576615693,0.35404486499745946,0.5157249156612433,0.7779107960176814,0.7597499765933027,0.05325392667546114,0.4082056050661925,0.35815428817738426,0.8648342238259975,0.24533699696879407,0.44590371381524996,0.5063356630934854,0.6284583007212328,0.5097544464632604,0.87274257949282,0.0,0.0
91,0.3937106644160483,0.5364222296478113,0.4806868404267788,0.23880707287659542,0.08003252213338341,0.016862596318165668,0.8910426813288164,0.3649462608102986,0.5001693816319057,0.3349696527262488,0.19021870432764154,0.22058732284815108,0.9085717411350588,0.3167576231486091,0.3214234775899869,0.4605367655321193,0.8274640343183675,0.3646963217979592,0.5907108844783197,0.9926897943428132,0.18352004068556305,0.8727897006597481,0.576357751476924,0.5002929487163743,0.33152905526794485,0.217174424787955,0.8104150557802989,0.15134652305763552,0.8304269366893657,0.750206808321298,0.0,0.0
92,0.7073857539923314,0.7069841624114392,0.2719186504039165,0.9188066870842455,0.7869471434347404,0.21043809253164458,0.5165981227041432,0.2933119846035488,0.9600729130774404,0.20279379931438468,0.12585517019634673,0.592243184139806,0.8944723628216303,0.22307284621778423,0.4283924732812995,0.13466855977281111,0.5077061550285276,0.9558300965241002,0.6803385325503863,0.11294638680385338,0.319665131631489,0.8505299271047289,0.290523030415355,0.3033257656412982,0.47960257162662656,0.37691086278781805,0.6334880900317741,0.37399227656098655,0.01285346875401705,0.38378692686223004,0.0,0.0
93,0.13728716122377216,0.9397890316975062,0.16583377756019013,0.25181462285276024,0.5293989127411263,0.48395401951200046,0.6052133296123666,0.020586093673013006,0.9193179529902293,0.145191797256643,0.7934767842063083,0.013239852782928052,0.5452821019567953,0.18140466718302162,0.5534607241172922,0.6262393426897663,0.8386427733318328,0.43868612421290143,0.4869570568998973,0.1281575345961169,0.9386860251034378,0.532303446686491,0.5930353373131787,0.4653838583184684,0.39676422590790394,0.9933440610963509,0.3866550197778553,0.5520742348276895,0.17817313086571407,0.41630971928448546,0.0,0.0
94,0.0727084445618491,0.6818689126660866,0.2976252133061583,0.8372977732859025,0.7656524346355135,0.010580465258204441,0.7881996837913251,0.41976994512813737,0.09906644032550427,0.17629664614324358,0.7961557825375256,0.571720611171091,0.25898706145899153,0.01983106407964974,0.9593955031802707,0.8843455438741269,0.02540697418065152,0.555853429484039,0.22975706377262028,0.780869511247284,0.8738481850739033,0.40072311018742823,0.6555505663262627,0.6378636184001151,0.8138390330193059,0.5679299682717663,0.7336831818596845,0.880044533251885,0.32818311951260115,0.569304048209023,0.0,0.0
95,0.9700760213906162,0.7491470906894278,0.18331506534005215,0.1184096182733938,0.033237143132200386,0.6673063690762172,0.37247732702660297,0.8496027599784702,0.8688054239715387,0.2342334367449288,0.7820851536858193,0.5588619070517544,0.8620590568808081,0.06874458247176563,0.969701556228142,0.17218517711450054,0.8080190120226337,0.7611393419151898,0.6283883728571072,0.1742619419744258,0.8333497399777696,0.8040918358276911,0.17223917305005365,0.5436518560290738,0.10887889755195546,0.787189658070955,0.6206746738251556,0.04517676713577157,0.021243306606903545,0.8650601417527449,0.0,0.0
96,0.7351739804686508,0.917399606962611,0.9059133553726366,0.3177553995235758,0.9250283458199984,0.9477412660265587,0.341623425981999,0.4391698302445335,0.1337792457755188,0.5477803196033201,0.9837254435692441,0.6167568993128368,0.27875826972521467,0.7587631404799068,0.5207099496948235,0.1520785064649821,0.015713161952557786,0.0633093600476432,0.38681288510129685,0.31512301572577983,0.32451222918209277,0.1874772056912566,0.7383548165208914,0.8362026447057286,0.3952619675403797,0.09747158492491126,0.4456899570423687,0.788489424754771,0.1351442505435102,0.4241242367881424,0.0,0.0
97,0.9414760985656375,0.7461454581340147,0.11168066017447453,0.893281408562388,0.95513400220641,0.4061881617182971,0.8382765478134099,0.8445383334260705,0.02323648543324197,0.018382695527814907,0.43624512570724727,0.29110434297707954,0.6798047116822075,0.956211321006635,0.08520926924661176,0.7304926586076995,0.40729203705488126,0.6238394652150608,0.2765406171406347,0.5973083325709013,0.5628193574979762,0.8104688056707936,0.6606902657859072,0.6112435187279539,0.13026099803102775,0.8469364863677024,0.6655247328883414,0.5532636671678087,0.04628558351404499,0.560121030476728,0.0,0.0
98,0.11866690764980437,0.4792551940142906,0.9412149847247037,0.501900038715747,0.019250305525283395,0.6588692212682769,0.6042718681309065,0.0016748013698615338,0.19916833447467197,0.12589462508774518,0.8077325624203028,0.5968645073392387,0.42420926205564224,0.22654901282185091,0.2933056900440255,0.4125125962090056,0.5714462757666617,0.8808398871864914,0.9275559329097515,0.5643122848694248,0.9400577629023821,0.8985822951947509,0.08778380630555471,0.2992191273781756,0.09801861108092924,0.1143710996796401,0.8781294284077108,0.4223209349269682,0.3735914748676582,0.8939475346232079,0.0,0.0
99,0.7951426920947432,0.7742554699255206,0.894441866841807,0.7152811968593934,0.6468380608695571,0.8338122106316563,0.2884868441210682,0.8940140644841595,0.8731877379895711,0.8762727714286263,0.45936213701772066,0.9372837666568569,0.16344875436666995,0.12785463889686666,0.08712007403599875,0.5647899604344676,0.6631382601407751,0.9015110814631079,0.7573767756419564,0.6522465252391857,0.541114910728802,0.3752269429676175,0.9898938682497679,0.853544183942614,0.14015756863842554,0.5742446633607765,0.20178114941411507,0.005051467950527133,0.06396116559248688,0.20861963686859553,0.0,0.0
